{
    "Records": [
        {
            "eventVersion": "2.0", 
            "eventName": "ObjectCreated:Put", 
            "eventTime": "1970-01-01T00:00:00.000Z", 
            "userIdentity": {
                "principalId": "EXAMPLE"
            }, 
            "eventSource": "aws:s3", 
            "requestParameters": {
                "sourceIPAddress": "127.0.0.1"
            }, 
            "s3": {
                "configurationId": "testConfigRule", 
                "object": {
                    "eTag": "1c43a0c9dcc31572b5e49c0b42f8b17f", 
                    "key": "INSERT FILENAME HERE (e.g. receipt.png)", 
                    "sequencer": "0A1B2C3D4E5F678901", 
                    "size": 1024
                }, 
                "bucket": {
                    "ownerIdentity": {
                        "principalId": "EXAMPLE"
                    }, 
                    "name": "INSERT BUCKET NAME HERE (e.g. aws-sam-ocr-sourceimagebucket-123122312)", 
                    "arn": "arn:aws:s3:::INSERT BUCKET NAME HERE (e.g. aws-sam-ocr-sourceimagebucket-123122312)"
                }, 
                "s3SchemaVersion": "1.0"
            }, 
            "responseElements": {
                "x-amz-id-2": "EXAMPLE123/5678abcdefghijklambdaisawesome/mnopqrstuvwxyzABCDEFGH", 
                "x-amz-request-id": "EXAMPLE123456789"
            }, 
            "awsRegion": "us-east-1"
        }
    ]
}
